date,time_et,phase,source,headline,url
2022-01-27,,pre_announcement,The Motley Fool,Meta Platforms Q4 Earnings Preview: Look for Increased Spending on the Metaverse,https://www.fool.com/investing/2022/01/27/meta-platforms-facebook-earnings-preview/
2022-01-31,,pre_announcement,FXStreet,Meta (FB) Stock: Q4 2021 Earnings Report Preview,https://www.fxstreet.com/amp/news/meta-fb-stock-q4-2021-earnings-reportppreview-202201311504
2022-02-02,16:05,announcement,CNBC,Facebook-parent Meta (FB) Q4 2021 earnings,https://www.cnbc.com/2022/02/02/facebook-parent-meta-fb-q4-2021-earnings.html
2022-02-02,16:10,announcement,CNBC Now (X/Twitter),"EARNINGS: Meta Platforms Q4 EPS $3.67 vs. $3.84 Est.; Q4 Revs. $33.67B vs. $33.40B Est.",https://x.com/cnbcnow/status/1488982205246365696
2022-02-02,17:30,announcement,The Washington Post,Facebook loses users for first time in history,https://www.washingtonpost.com/technology/2022/02/02/facebook-earnings-meta/
2022-02-03,00:30,immediate_reaction,The Motley Fool,Meta Platforms (FB) Q4 2021 Earnings Call Transcript,https://www.fool.com/earnings/call-transcripts/2022/02/03/facebook-fb-q4-2021-earnings-call-transcript/
2022-02-03,09:00,immediate_reaction,CNBC,Facebook stock plummets 26% in its biggest one-day drop ever,https://www.cnbc.com/2022/02/03/facebook-shares-plummet-22percent-after-reporting-weak-guidance.html
2022-02-03,10:00,immediate_reaction,Bloomberg,"Meta (FB) Set for $200 Billion Wipeout, Among Worst in History",https://www.bloomberg.com/news/articles/2022-02-03/meta-set-for-200-billion-wipeout-among-worst-in-market-history
2022-02-03,11:00,immediate_reaction,Forbes,Facebook Loses Daily Active Users For The First Time -- Here's Where They're Going,https://www.forbes.com/sites/roberthart/2022/02/03/facebook-loses-daily-active-users-for-the-first-time--heres-where-theyre-going/
2022-02-03,12:00,immediate_reaction,OPB / Associated Press,"Meta, formerly Facebook, faces historic drop as stock tanks",https://www.opb.org/article/2022/02/03/meta-facebook-faces-historic-drop-as-stock-tanks/
2022-02-04,08:00,post_announcement,Gulf News,Meta shakes up global tech with worst one-day loss since 2012,https://gulfnews.com/business/markets/meta-shakes-up-global-tech-with-worst-one-day-loss-since-2012-1.85417971
2022-02-04,09:30,post_announcement,Benzinga,Facebook Parent Meta Shares Plunge As Analysts Slash Price Targets Following Dismal Q4,https://benzinga.com/z/25388586
2022-02-25,,follow_up,Benzinga,How Meta Platforms (FB) Made History In An Unexpected Way,https://benzinga.com/markets/cryptocurrency/22/02/25449688/how-meta-platforms-fb-made-history-in-an-unexpected-way
